year,title,type,director,description
2018,Fahrenheit 11/9,Movie,Michael Moore,"Filmmaker Michael Moore examines the current state of American politics, particularly the Donald J. Trump presidency and gun violence, while highlighting the power of grassroots democratic movements."
2018,Free Solo,Movie,Jimmy Chin,"Follow Alex Honnold as he becomes the first person to ever free solo climb Yosemite's 3,000ft high El Capitan Wall. With no ropes or safety gear, he completed arguably the greatest feat in rock climbing history."
2018,Free Solo,Movie,Elizabeth Chai Vasarhelyi ,"Follow Alex Honnold as he becomes the first person to ever free solo climb Yosemite's 3,000ft high El Capitan Wall. With no ropes or safety gear, he completed arguably the greatest feat in rock climbing history."
2018,Won't You Be My Neighbor?,Movie,Morgan Neville,"An exploration of the life, lessons, and legacy of iconic children's television host, Fred Rogers."
2018,Tea with the Dames,Movie,Roger Michell,"Dames Eileen Atkins, Judi Dench, Joan Plowright and Maggie Smith have let the cameras in on a friendship that goes back more than half a century. The four acting greats discuss their ... See full summary »"
2018,Three Identical Strangers,Movie,Tim Wardle,"In 1980 New York, three young men who were all adopted meet each other and find out they're triplets who were separated at birth. Then they discover why."
2018,"Love, Gilda",Movie,Lisa Dapolito,"In her own words, comedienne Gilda Radner looks back and reflects on her life and career. Weaving together recently discovered audiotapes, interviews with her friends, rare home movies and ... See full summary »"
2017,The Dawn Wall,Movie,Josh Lowell,Legendary free climber Tommy Caldwell tries to get over heartbreak by scaling 3000ft of an impossible rock face: the Dawn Wall of El Capitan.
2017,The Dawn Wall,Movie,Peter Mortimer,Legendary free climber Tommy Caldwell tries to get over heartbreak by scaling 3000ft of an impossible rock face: the Dawn Wall of El Capitan.
2018,Active Measures,Movie,Jack Bryan,Russian president Vladimir Putin attacks the 2016 American presidential election in collaboration with the Trump campaign.
2018,Hunt For The Skinwalker,Movie,Jeremy Kenyon Lockyer Corbell,Hunt For The Skinwalker is a documentary about the most intensive scientific study of a UFO and paranormal hotspot in human history.
2018,Quincy,Movie,Alan Hicks,"An intimate look into the life of icon Quincy Jones. A unique force in music and popular culture for 70 years, Jones has transcended racial and cultural boundaries; his story is inextricably woven into the fabric of America."
2018,Quincy,Movie,Rashida Jones,"An intimate look into the life of icon Quincy Jones. A unique force in music and popular culture for 70 years, Jones has transcended racial and cultural boundaries; his story is inextricably woven into the fabric of America."
2017,Jane,Movie,Brett Morgen,"The life and work of the renowned primatology scientist, Jane Goodall, especially on her research about chimpanzees."
2018,Reversing Roe,Movie,Ricki Stern,"A deep historical look at one of the most controversial issues of our time, highlighting the abortion debate from various points along the ideological spectrum in a winding story of abortion in America."
2018,Reversing Roe,Movie,Anne Sundberg,"A deep historical look at one of the most controversial issues of our time, highlighting the abortion debate from various points along the ideological spectrum in a winding story of abortion in America."
2018,American Chaos,Movie,James D. Stern,A man searches for answers to Donald Trump's widespread support before the 2016 presidential election.
2018,Spitfire,Movie,David Fairhead,The story of the fighter plane and pilots that helped win the Battle of Britain in World War II.
2018,Spitfire,Movie,Ant Palmer,The story of the fighter plane and pilots that helped win the Battle of Britain in World War II.
2004,Fahrenheit 9/11,Movie,Michael Moore,Michael Moore's view on what happened to the United States after September 11; and how the Bush Administration allegedly used the tragic event to push forward its agenda for unjust wars in Afghanistan and Iraq.
2015,Hot Girls Wanted,Movie,Jill Bauer,A documentary about young women who have been drawn into the sex trade - and how easy it is for a web-savvy generation to end up making porn.
2015,Hot Girls Wanted,Movie,Ronna Gradus,A documentary about young women who have been drawn into the sex trade - and how easy it is for a web-savvy generation to end up making porn.
2018,Whitney,Movie,Kevin Macdonald,An in-depth look at the life and music of Whitney Houston.
2018,McQueen,Movie,Ian Bonhôte,"The life and career of fashion designer Lee Alexander McQueen: from his start as a tailor, to launching and overseeing his eponymous line, and his untimely death."
2018,McQueen,Movie,Peter Ettedgui,"The life and career of fashion designer Lee Alexander McQueen: from his start as a tailor, to launching and overseeing his eponymous line, and his untimely death."
2018,Death of a Nation,Movie,Dinesh D'Souza,This documentary draws parallels between the dramatic fracturing of the nation over Abraham Lincoln's presidency and the presidency of Donald Trump.
2018,Death of a Nation,Movie,Bruce Schooley,This documentary draws parallels between the dramatic fracturing of the nation over Abraham Lincoln's presidency and the presidency of Donald Trump.
2018,RBG,Movie,Julie Cohen,"The exceptional life and career of U.S. Supreme Court Justice Ruth Bader Ginsburg, who has developed a breathtaking legal legacy while becoming an unexpected pop culture icon."
2018,RBG,Movie,Betsy West,"The exceptional life and career of U.S. Supreme Court Justice Ruth Bader Ginsburg, who has developed a breathtaking legal legacy while becoming an unexpected pop culture icon."
2018,Pick of the Litter,Movie,Don Hardy Jr.,"Pick of the Litter follows a litter of puppies from the moment they're born and begin their quest to become Guide Dogs for the Blind, the ultimate canine career. Cameras follow these pups ... See full summary »"
2018,Pick of the Litter,Movie,Dana Nachman,"Pick of the Litter follows a litter of puppies from the moment they're born and begin their quest to become Guide Dogs for the Blind, the ultimate canine career. Cameras follow these pups ... See full summary »"
2018,Hannah Gadsby: Nanette,Movie,Jon Olb,New Hannah Gadsby stand up comedy.
2018,Hannah Gadsby: Nanette,Movie,Madeleine Parry,New Hannah Gadsby stand up comedy.
2016,Rocco,Movie,Thierry Demaizière,A behind-the-scene account of the porn world and its stars as they've never been seen before - and the no-holds-barred portrait of a true giant.
2016,Rocco,Movie,Alban Teurlai,A behind-the-scene account of the porn world and its stars as they've never been seen before - and the no-holds-barred portrait of a true giant.
2002,Bowling for Columbine,Movie,Michael Moore,Filmmaker Michael Moore explores the roots of America's predilection for gun violence.
2017,Icarus,Movie,Bryan Fogel,"When Bryan Fogel sets out to uncover the truth about doping in sports, a chance meeting with a Russian scientist transforms his story from a personal experiment into a geopolitical thriller... See full summary »"
2018,Inside the Manson Cult: The Lost Tapes,Movie,Hugh Ballantyne,"A retelling of the Manson story using original, archived 16mm footage."
2018,The Oslo Diaries,Movie,Mor Loushy,A group of Israelis and Palestinians come together in Oslo for an unsanctioned peace talks during the 1990s in order to bring peace to the Middle East.
2018,The Oslo Diaries,Movie,Daniel Sivan,A group of Israelis and Palestinians come together in Oslo for an unsanctioned peace talks during the 1990s in order to bring peace to the Middle East.
2018,Hal,Movie,Amy Scott,"Hal Ashby's obsessive genius led to an unprecedented string of Oscar®-winning classics, including Harold and Maude, Shampoo and Being There. But as contemporaries Coppola, Scorsese and ... See full summary »"
2018,Pistorius,Movie,Vaughan Sivell,"PISTORIUS is a feature documentary about the South African Paralympic and Olympic sprinter Oscar Pistorius, who shot and killed his girlfriend in the early hours of Valentine's Day 2013. ... See full summary »"
2010,Inside Job,Movie,Charles Ferguson,Takes a closer look at what brought about the 2008 financial meltdown.
2015,The Fear of 13,Movie,David Sington,A convicted murderer who has spent 23 years on Death Row tells his story.
2018,After Porn Ends 2,Movie,Bryce Wagoner,"After Porn Ends 2 picks up where its predecessor left off, and not only turns back the clock to meet the oldest living stars in adult film's history, but goes in depth with some of its most... See full summary »"
2018,Studio 54,Movie,Matt Tyrnauer,"Studio 54 was the epicenter of 70s hedonism--a place that not only redefined the nightclub, but also came to symbolize an entire era. Its co-owners, Ian Schrager and Steve Rubell, two ... See full summary »"
2017,Mountain,Movie,Jennifer Peedom,An experience about the highest peaks around the world.
2018,Science Fair,Movie,Cristina Costantini,"Nine high school students from disparate corners of the globe navigate rivalries, setbacks, and hormones on their quest to win the international science fair. Only one can be named ""Best in Fair."""
2017,Faces Places,Movie,JR,Director Agnes Varda and photographer/muralist J.R. journey through rural France and form an unlikely friendship.
2012,Searching for Sugar Man,Movie,Malik Bendjelloul,"Two South Africans set out to discover what happened to their unlikely musical hero, the mysterious 1970s rock n roller, Rodriguez."
2012,The Imposter,Movie,Bart Layton,A documentary centered on a young man in Spain who claims to a grieving Texas family that he is their 16-year-old son who has been missing for 3 years.
2017,Maria by Callas,Movie,Tom Volf,"An intimate look at the life and work of Greek-American opera singer, Maria Callas, as told in her own words."
2017,Jim & Andy: The Great Beyond,Movie,Chris Smith,A behind-the-scenes look at how Jim Carrey adopted the persona of idiosyncratic comedian Andy Kaufman on the set of Man on the Moon (1999).
2018,A Leaf of Faith,Movie,Chris Bell,"This documentary explores Kratom, a botanical supplement that has been proposed as an alternative to today's opioid painkillers."
2018,A Leaf of Faith,Movie,David Baca Jr.,"This documentary explores Kratom, a botanical supplement that has been proposed as an alternative to today's opioid painkillers."
1978,American Boy: A Profile of - Steven Prince,Movie,Martin Scorsese,"Director Martin Scorsese talks to actor Steven Prince about his past. As the night goes on, Prince reveals some very amusing and moving stories of his experiences with drugs and violence."
2018,I Am Paul Walker,Movie,Adrian Buitenhuis,Documentary examining the life of the late actor Paul Walker.
2016,City of Joy,Movie,Madeleine Gavin,"This film follows the first class of students at a remarkable leadership center in the Eastern Democratic Republic of Congo, a region often referred to as ""the worst place in the world to ... See full summary »"
2017,The Work,Movie,Jairus McLeary,"Set inside a single room in Folsom Prison, three men from the outside participate in a four-day group-therapy retreat with a group of incarcerated men for a real look at the challenges of rehabilitation."
2017,The Work,Movie,Gethin Aldous,"Set inside a single room in Folsom Prison, three men from the outside participate in a four-day group-therapy retreat with a group of incarcerated men for a real look at the challenges of rehabilitation."
2007,Sicko,Movie,Michael Moore,"A documentary comparing the highly profitable American health care industry to other nations, and HMO horror stories including shotgun deaths."
2015,Where to Invade Next,Movie,Michael Moore,"To learn what the USA can learn from other nations, Michael Moore playfully ""invades"" them to see what they have to offer."
2018,The Most Unknown,Movie,Ian Cheney,The Most Unknown is an epic documentary film that sends nine scientists to extraordinary parts of the world to uncover unexpected answers to some of humanity's biggest questions. How did ... See full summary »
2012,After Porn Ends,Movie,Bryce Wagoner,An exploration of the lives of several former adult performers who have retired from the porn industry.
2018,Minding the Gap,Movie,Bing Liu,"Three young men bond together to escape volatile families in their Rust-Belt hometown. As they face adult responsibilities, unexpected revelations threaten their decade-long friendship."
,,Movie,,
2005,Earthlings,Movie,Shaun Monson,"Using hidden cameras and never-before-seen footage, Earthlings chronicles the day-to-day practices of the largest industries in the world, all of which rely entirely on animals for profit."
2018,Bisbee '17,Movie,Robert Greene,An old mining town on the Arizona-Mexico border finally reckons with its darkest day: the deportation of 1200 immigrant miners exactly 100 years ago. Locals collaborate to stage recreations of their controversial past.
2018,Matangi/Maya/M.I.A.,Movie,Steve Loveridge,"Drawn from a never-before-seen cache of personal footage spanning decades, this is an intimate portrait of the Sri Lankan artist and musician who continues to shatter conventions."
2016,13th,Movie,Ava DuVernay,An in-depth look at the prison system in the United States and how it reveals the nation's history of racial inequality.
2017,Unacknowledged,Movie,Michael Mazzola,"""Unacknowledged"" focuses on the historic files of the Disclosure Project and how UFO secrecy has been ruthlessly enforced-and why. The best evidence for extraterrestrial contact, dating ... See full summary »"
2017,The Magic Pill,Movie,Robert Tate,"People around the globe are combating illness through a paradigm shift in eating. And this simple change -- embracing fat as our main fuel -- is showing profound promise in improving the health of people, animals and the planet."
2018,Robin Williams: Come Inside My Mind,Movie,Marina Zenovich,"An intimate look into the life and work of the revered master comedian and actor, Robin Williams."
2015,Amy,Movie,Asif Kapadia,Archival footage and personal testimonials present an intimate portrait of the life and career of British singer/songwriter Amy Winehouse.
2018,Pope Francis: A Man of His Word,Movie,Wim Wenders,Pope Francis travels the world speaking to those in need and delivering a message of hope.
2017,Power of Grayskull: The Definitive History of He-Man and the Masters of the Universe,Movie,Randall Lobb,The history of Mattel's definitive action figure toy line.
2017,Power of Grayskull: The Definitive History of He-Man and the Masters of the Universe,Movie,Robert McCallum,The history of Mattel's definitive action figure toy line.
2004,Super Size Me,Movie,Morgan Spurlock,"While examining the influence of the fast food industry, Morgan Spurlock personally explores the consequences on his health of a diet of solely McDonald's food for one month."
2016,Michael Moore in TrumpLand,Movie,Michael Moore,"In the weeks before the 2016 general election, Oscar-winning filmmaker Michael Moore performs a pro-Hillary Clinton stand-up show deep in the heart of TrumpLand."
2018,Jane Fonda in Five Acts,Movie,Susan Lacy,"A look at the life, work, activism and controversies of actress and fitness tycoon, Jane Fonda."
2012,The Act of Killing,Movie,Joshua Oppenheimer,"A documentary which challenges former Indonesian death-squad leaders to reenact their mass-killings in whichever cinematic genres they wish, including classic Hollywood crime scenarios and lavish musical numbers."
2012,The Act of Killing,Movie,Christine Cynn,"A documentary which challenges former Indonesian death-squad leaders to reenact their mass-killings in whichever cinematic genres they wish, including classic Hollywood crime scenarios and lavish musical numbers."
2013,Blackfish,Movie,Gabriela Cowperthwaite,"A documentary following the controversial captivity of killer whales, and its dangers for both humans and whales."
2016,DC's Legends of Tomorrow: Their Time Is Now,Movie,Greg Berlanti,"The producers introduce audiences to the characters and concepts of ""Legends of Tomorrow"", the upcoming spin-off of superhero series ""Arrow"" and ""The Flash""."
2016,DC's Legends of Tomorrow: Their Time Is Now,Movie,Casper Crump,"The producers introduce audiences to the characters and concepts of ""Legends of Tomorrow"", the upcoming spin-off of superhero series ""Arrow"" and ""The Flash""."
2017,Nude,Movie,Tony Sacco,NUDE explores perceptions of nudity in art by chronicling the creative process of photographer David Bellemere as he's commissioned by NU Muses founder Steve Shaw to shoot a fine art calendar of nude photographs.
2018,The Raft,Movie,Marcus Lindeen,"In 1973, five men and six women drifted across the Atlantic on a raft as part of a scientific experiment studying the sociology of violence, aggression and sexual attraction in human ... See full summary »"
2016,Tickled,Movie,David Farrier,"Journalist David Farrier stumbles upon a mysterious tickling competition online. As he delves deeper he comes up against fierce resistance, but that doesn't stop him getting to the bottom of a story stranger than fiction."
2016,Tickled,Movie,Dylan Reeve,"Journalist David Farrier stumbles upon a mysterious tickling competition online. As he delves deeper he comes up against fierce resistance, but that doesn't stop him getting to the bottom of a story stranger than fiction."
1975,Grey Gardens,Movie,Ellen Hovde,"An old mother and her middle-aged daughter, the aunt and cousin of Jacqueline Kennedy, live their eccentric lives in a filthy, decaying mansion in East Hampton."
1975,Grey Gardens,Movie,Albert Maysles,"An old mother and her middle-aged daughter, the aunt and cousin of Jacqueline Kennedy, live their eccentric lives in a filthy, decaying mansion in East Hampton."
1975,Grey Gardens,Movie,David Maysles,"An old mother and her middle-aged daughter, the aunt and cousin of Jacqueline Kennedy, live their eccentric lives in a filthy, decaying mansion in East Hampton."
1975,Grey Gardens,Movie,Muffie Meyer,"An old mother and her middle-aged daughter, the aunt and cousin of Jacqueline Kennedy, live their eccentric lives in a filthy, decaying mansion in East Hampton."
2018,The Bleeding Edge,Movie,Kirby Dick,A look at the unforeseen consequences of advanced technological devices used in the medical field.
2005,Grizzly Man,Movie,Werner Herzog,"A devastating and heartrending take on grizzly bear activists Timothy Treadwell and Amie Huguenard, who were killed in October of 2003 while living among grizzlies in Alaska."
2011,Samsara,Movie,Ron Fricke,"Filmed over nearly five years in twenty-five countries on five continents, and shot on seventy-millimetre film, Samsara transports us to the varied worlds of sacred grounds, disaster zones, industrial complexes, and natural wonders."
1982,Koyaanisqatsi,Movie,Godfrey Reggio,"A collection of expertly photographed phenomena with no conventional plot. The footage focuses on nature, humanity and the relationship between them."
2016,Amanda Knox,Movie,Rod Blackhurst,American exchange student Amanda Knox is convicted and eventually acquitted for the 2007 death of another student in Italy.
2016,Amanda Knox,Movie,Brian McGinn,American exchange student Amanda Knox is convicted and eventually acquitted for the 2007 death of another student in Italy.
2010,Restrepo,Movie,Tim Hetherington,A year with one platoon in the deadliest valley in Afghanistan.
2010,Sebastian Junger,Movie,Sebastian Junger,A year with one platoon in the deadliest valley in Afghanistan.
2003,Touching the Void,Movie,Kevin Macdonald,The true story of two climbers and their perilous journey up the west face of Siula Grande in the Peruvian Andes in 1985.
1977,Pumping Iron,Movie,George Butler,Arnold Schwarzenegger's Documentary about Gym Hall has Muscle and bigger guy and there past.
1977,Pumping Iron,Movie,Robert Fiore,Arnold Schwarzenegger's Documentary about Gym Hall has Muscle and bigger guy and there past.
2002,11-Sep,Movie,James Hanlon,"A real life documentary following the events of September 11 from an insider's view, through the lens of James Hanlon and two French filmmakers who were in Manhattan that one day."
2002,11-Sep,Movie, Gédéon Naudet,"A real life documentary following the events of September 11 from an insider's view, through the lens of James Hanlon and two French filmmakers who were in Manhattan that one day."
2002,11-Sep,Movie,Jules Naudet,"A real life documentary following the events of September 11 from an insider's view, through the lens of James Hanlon and two French filmmakers who were in Manhattan that one day."
2015,X-Rated: The Greatest Adult Movies of All Time,Movie,Bryn Pryor,A look at a plethora of pornographic films ranging from the 1970s to the 2010s and a commentary about their lasting impacts on the adult industry and the world.
2013,Jodorowsky's Dune,Movie,Frank Pavich,The story of cult film director Alejandro Jodorowsky's ambitious but ultimately doomed film adaptation of the seminal science fiction novel.
2016,Before the Flood,Movie,Fisher Stevens,"A look at how climate change affects our environment and what society can do to prevent the demise of endangered species, ecosystems and native communities across the planet."
2018,Dominion,Movie,Chris Delforce,"Dominion uses drones, hidden and handheld cameras to expose the dark underbelly of modern animal agriculture, questioning the morality and validity of humankind's dominion over the animal ... See full summary »"
2017,Expedition Happiness,Movie,Felix Starck,"Two free spirits, one dog. Traveling the vast spaces of an enormous continent in search of something more."
2005,Inside Deep Throat,Movie,Fenton Bailey,"An examination of the infamous pornographic film Deep Throat (1972), covering aspects from the film's creation to its cultural impact."
2005,Inside Deep Throat,Movie,Randy Barbato,"An examination of the infamous pornographic film Deep Throat (1972), covering aspects from the film's creation to its cultural impact."
2014,Citizenfour,Movie,Laura Poitras,A documentarian and a reporter travel to Hong Kong for the first of many meetings with Edward Snowden.
1978,Faces of Death,Movie,John Alan Schwartz,"A collection of death scenes, ranging from TV-material to home-made super-8 movies The common factor is death by some means."
2010,Senna,Movie,Asif Kapadia,"A documentary on Brazilian Formula One racing driver Ayrton Senna, who won the F1 world championship three times before his death at age 34."
2018,Operation Odessa,Movie,Tiller Russell,"From the director and producers of The Seven Five comes Operation Odessa, a true crime thriller about a Russian mobster, a Miami playboy and a Cuban spy who teamed up to sell a nuclear ... See full summary »"
2017,A Mother Brings Her Son to Be Shot,Movie,Sinéad O'Shea,"One night Majella O'Donnell took her teenage son Philly to be shot in both legs. Majella, Philly and his shooters all live within an extraordinary community in Derry, Northern Ireland. The ... See full summary »"
2017,What the Health,Movie,Kip Andersen,"An intrepid filmmaker on a journey of discovery as he uncovers possibly the largest health secret of our time and the collusion between industry, government, pharmaceutical and health organizations keeping this information from us."
2017,What the Health,Movie,Keegan Kuhn,"An intrepid filmmaker on a journey of discovery as he uncovers possibly the largest health secret of our time and the collusion between industry, government, pharmaceutical and health organizations keeping this information from us."
1996,Paradise Lost: The Child Murders at Robin Hood Hills,Movie,Joe Berlinger,A horrific triple child murder leads to an indictment and trial of three nonconformist boys based on questionable evidence.
1996,Paradise Lost: The Child Murders at Robin Hood Hills,Movie,Bruce Sinofsky,A horrific triple child murder leads to an indictment and trial of three nonconformist boys based on questionable evidence.
2010,Catfish,Movie,Henry Joost,Young filmmakers document their colleague's budding online friendship with a young woman and her family which leads to an unexpected series of discoveries.
2010,Catfish,Movie, Ariel Schulman ,Young filmmakers document their colleague's budding online friendship with a young woman and her family which leads to an unexpected series of discoveries.
2015,Minimalism: A Documentary About the Important Things,Movie,Matt D'Avella,How might your life be better with less?
2018,The Surrounding Game,Movie,Will Lockhart,"Go is the oldest game still played in its original form. In east Asia, it is hailed as one of mankind's greatest cultural achievements and considered both ancient art and national sport. At... See full summary »"
2018,The Surrounding Game,Movie,Cole D. Pruitt,"Go is the oldest game still played in its original form. In east Asia, it is hailed as one of mankind's greatest cultural achievements and considered both ancient art and national sport. At... See full summary »"
2017,The Devil and Father Amorth,Movie,William Friedkin,Father Gabriele Amorth performs his ninth exorcism on an Italian woman.
2015,The Nightmare,Movie,Rodney Ascher,A look at a frightening condition that plagues thousands; sleep paralysis.
2015,Meru,Movie,Jimmy Chin,"Three elite climbers struggle to find their way through obsession and loss as they attempt to climb Mount Meru, one of the most coveted prizes in the high stakes game of Himalayan big wall climbing."
2016,Beware the Slenderman,Movie,Irene Taylor Brodsky,"Tells the story of two 12-year old girls, who attempted to murder one of their friends in an attempt to appease Slenderman, a fictional monster from a horror website."
2016,I Am Not Your Negro,Movie,Raoul Peck,"Writer James Baldwin tells the story of race in modern America with his unfinished novel, Remember This House."
2017 - ,Lore,Series,Michael E. Satrazemis,Our collective nightmare mythologies are rooted in real-life horror stories.
2017 - ,Lore,Series,Nick Copus,Our collective nightmare mythologies are rooted in real-life horror stories.
2017 - ,Lore,Series,Thomas J. Wright,Our collective nightmare mythologies are rooted in real-life horror stories.
2017 - ,Lore,Series,Darnell Martin,Our collective nightmare mythologies are rooted in real-life horror stories.
2017 - ,"Inside Look: The Assassination of Gianni Versace, American Crime Story",Series,Ryan Murphy,An inside look at the making of American Crime Story: The Assassination of Gianni Versace.
2017 - ,"Inside Look: The Assassination of Gianni Versace, American Crime Story",Series,Nelson Cragg,An inside look at the making of American Crime Story: The Assassination of Gianni Versace.
2017 - ,"Inside Look: The Assassination of Gianni Versace, American Crime Story",Series,Gwyneth Horder-Payton,An inside look at the making of American Crime Story: The Assassination of Gianni Versace.
2017 - ,"Inside Look: The Assassination of Gianni Versace, American Crime Story",Series,Daniel Minahan,An inside look at the making of American Crime Story: The Assassination of Gianni Versace.
2017 - ,"Inside Look: The Assassination of Gianni Versace, American Crime Story",Series,Matt Bomer,An inside look at the making of American Crime Story: The Assassination of Gianni Versace.
2016,Planet Earth II,Series,Justin Anderson,David Attenborough returns in this breathtaking documentary showcasing life on Planet Earth.
2016,Planet Earth II,Series,Ed Charles,David Attenborough returns in this breathtaking documentary showcasing life on Planet Earth.
2016,Planet Earth II,Series,Fredi Devas,David Attenborough returns in this breathtaking documentary showcasing life on Planet Earth.
2016,Planet Earth II,Series,Chadden Hunter,David Attenborough returns in this breathtaking documentary showcasing life on Planet Earth.
2016,Planet Earth II,Series,Emma Napper,David Attenborough returns in this breathtaking documentary showcasing life on Planet Earth.
2016,Planet Earth II,Series,Elizabeth White,David Attenborough returns in this breathtaking documentary showcasing life on Planet Earth.
2017,The Vietnam War,Series,,A comprehensive history of the United States' involvement in the bitterly divisive armed conflict in Southeast Asia.
2018 - ,Explained,Series,,A documentary series that looks to explore the big questions of today.
2016 - ,Roman Empire,Series,,"Chronicles the reign of Commodus, the emperor whose rule marked the beginning of Rome's fall."
2013 - ,Anthony Bourdain: Parts Unknown,Series,,"Anthony Bourdain visits countries, delving into their political issues as well as indigenous food and culture."
2014 - ,Cosmos: A Spacetime Odyssey,Series,,An exploration of our discovery of the laws of nature and coordinates in space and time.
2004,The Staircase,Series,,The high-profile murder trial of American novelist Michael Peterson following the death of his wife in 2001.
2018 - ,Wild Wild Country,Series,,"When the world's most controversial guru builds a utopian city deep in the Oregon desert, conflict with the locals escalates into a national scandal. A true story."
2016-2017,"Inside Look: The People v. O.J. Simpson, American Crime Story",Series,,"The story of the 1994-1995 trial of former NFL superstar running back Orenthal James ""OJ"" Simpson for the murder of his ex-wife, Nicole Brown and her friend, Ronald Lyle Goldman."
2018,Dark Tourist,Series,,"From a nuclear lake to a haunted forest, New Zealand filmmaker and journalist David Farrier ('Tickled') visits unusual -- and often macabre -- tourism spots around the world."
2015,Making a Murderer,Series,,"Filmed over a 10-year period, Steven Avery, a DNA exoneree who, while in the midst of exposing corruption in local law enforcement, finds himself the prime suspect in a grisly new crime."
2014,No Small Parts,Series,,No Small Parts is a fan-made documentary web series about character actors. Most episodes focus on a specific character actor and chronicle their life and career in the entertainment industry.
2018,First and Last,Series,,Cameras enter Georgia's Gwinnett County Jail to document the first days of its newest inmates and the final days of those about to be released.
1996,Forensic Files,Series,,A series featuring detailed accounts on how notable crimes and diseases were solved through forensic science.
2006,Planet Earth,Series,,"Emmy Award-winning, 11 episodes, five years in the making, the most expensive nature documentary series ever commissioned by the BBC, and the first to be filmed in high definition."
2018,I Am a Killer,Series,,"Follows Death Row inmates, who tell the story of how they ended up there."
2017,The Defiant Ones,Series,,"""The Defiant Ones"" examines the partnership between Jimmy Iovine and Dr. Dre - one the son of a Brooklyn longshoreman, the other straight out of Compton - and their leading roles in a chain of transformative events in contemporary culture."
2018,Evil Genius: The True Story of America's Most Diabolical Bank Heist,Series,,"The extraordinary story of the ""pizza bomber heist"" and the FBI's investigation into a bizarre collection of suspects."
2017,Inside the Freemasons,Series,,With unique and unprecedented access to one of the world's oldest social networking societies this series asks who are the Freemasons and what do they do?
2017-2018,Blue Planet II,Series,,"David Attenborough returns to the world's oceans in this sequel to the acclaimed documentary filming rare and unusual creatures of the deep, as well as documenting the problems our oceans face."
2017,Hot Girls Wanted: Turned On,Series,,"Porn has gone mainstream; the question is, can we handle it? This exploration of the intersection of sex and technology is told through the stories of the people whose lives are defined by ... See full summary »"
2013,Nathan for You,Series,,"Nathan Fielder uses his business degree and life experiences to help real small businesses turn a profit. But because of his unorthodox approach, Nathan's genuine efforts to do good often draw real people into an experience far beyond what they signed up for."
2015,Chef's Table,Series,,"Chef's Table goes inside the lives and kitchens of six of the world's most renowned international chefs. Each episode focuses on a single chef and their unique look at their lives, talents and passion from their piece of culinary heaven."
1973-1976,The World at War,Series,,"A groundbreaking 26-part documentary series narrated by the actor Laurence Olivier about the deadliest conflict in history, World War II."
2017-2018,The World's Most Extraordinary Homes,Series,,A celebration of extraordinary residential architecture from around the world with insight from an accomplished architect and his painfully screeching co-host.
2009,30 for 30,Series,,ESPN Films' 30 for 30 is an unprecedented documentary series featuring today's finest storytellers from inside and outside of the sports world. What started as a celebration of ESPN's 30th ... See full summary »
2017,The Keepers,Series,,A seven-part docuseries about the unsolved murder of a nun and the horrific secrets and pain that linger nearly five decades after her death.
2015,The Jinx: The Life and Deaths of Robert Durst,Series,,"Filmmaker Andrew Jarecki examines the complicated life of reclusive real estate icon Robert Durst, the key suspect in a series of unsolved crimes."
2016,Last Chance U,Series,,"Intense look inside the world of junior college football, chronicling the stories of players and coaches in the classroom and on the field."
2018,Model Squad,Series,,Docuseries following premiere models as they navigate the highs and lows of the modeling world.
2013,Life Below Zero,Series,,The everyday struggles of living in the secluded state of Alaska where one wrong decision could cost you your life.
2016,The Investigator: A British Crime Story,Series,,"Series 1: In June 1985 Carole Packman, a wife and mother mysteriously disappeared and has never been seen since. Her husband Russell Causley is now serving a life sentence for her murder, ... See full summary »"
2009,Ancient Aliens,Series,,Science and mythology - and how they are the same thing.
2015,The Making of the Mob,Series,,"Making of the Mob, is an eight-part docudrama that begins in 1905 and spans more than 50 years, tracing the original five families that led to the modern American Mafia, including the rise ... See full summary »"
2018,Dirty Money,Series,,"A Netflix Original Series documenting various stories about exposing the greed, corruption, and crime spreading through the global economy."
2018,America to Me,Series,,"A look inside one of Chicago's most progressive public schools, located in suburban Oak Park."
2015,Travel Man: 48 Hours in...,Series,,Richard Ayoade and a celebrity guest spend 48 hours in a popular city to discover the must see tourist attractions.
2016,Real Detective,Series,,Each episode is a crime solution reenactment of a real murder. The actual detectives offer commentary throughout the show.
2009,Life,Series,,"David Attenborough's legendary BBC crew explains and shows wildlife all over planet earth in 10 episodes. The first is an overview the challenges facing life, the others are dedicated to ... See full summary »"
2017,QB1: Beyond the Lights,Series,,"Follows three high school quarterbacks from different backgrounds, playing in different environments as they face immense pressure and similar challenges in trying to be successful high school quarterbacks."
2011,Homicide Hunter: Lt. Joe Kenda,Series,,Lt. Joe Kenda solves cases.
2013,The Bible,Series,,"A religious historical dramatic miniseries about God's creation and physical landmark events leading up to the Crucifixion and Resurrection of our Savior, Jesus Christ."
2018,In Search of...,Series,,Documentary series hosted by Zachary Quinto based on the 1970s series that examined unexplained phenomena from all over the world.
2003,MythBusters,Series,,A weekly documentary in which two Hollywood special effects experts attempt to debunk urban legends by directly testing them.
2016,Leah Remini: Scientology and the Aftermath,Series,,A series featuring stories from former members of the Church of Scientology whose lives have been affected by the Church's harmful practices.
2018,Casting Calls,Series,,"Almost every classic Hollywood role was hotly pursued behind the scenes. This series looks at the most famous roles of all-time and reveals the stories behind how they were cast, which other actors were considered, and how your favorite stars landed the part."
2010,American Pickers,Series,,Mike and Frank are pickers that travel the country and literally would go anywhere just for the prospects of finding antique gold. With the assistance of Danielle they often find themselves in a comedic pickle.
2017,The Repair Shop,Series,,"Some of Britain's most skilled restoration experts breathe new life into much-cherished family heirlooms that are dropped off by members of the public, who reveal the personal stories behind the items."